fixed acidity,volatile acidity,citric acid,residual sugar,chlorides,free sulfur dioxide,total sulfur dioxide,density,pH,sulphates,alcohol,quality
6.8,0.16,0.18,1.8,0.046,31,114,0.99226,3.27,0.55,10.8,6.0
6.6,0.25,0.29,1.1,0.068,39,124,0.9914,3.34,0.58,11.0,7.0
6.6,0.24,0.22,12.3,0.051,35,146,0.99676,3.1,0.67,9.4,5.0
6.0,0.34,0.29,6.1,0.046,29,134,0.99462,3.48,0.57,10.7,6.0
7.3,0.42,0.38,6.8,0.045,29,122,0.9925,3.19,0.37,12.6,7.0
6.9,0.38,0.32,8.5,0.044,36,152,0.9932,3.38,0.35,12.0,7.0
7.7,0.34,0.58,11.1,0.039,41,151,0.9978,3.06,0.49,8.6,5.0
8.5,0.17,0.31,1.0,0.024,13,91,0.993,2.79,0.37,10.1,5.0
6.6,0.34,0.2,1.0,0.053,26,112,0.99336,3.32,0.55,9.1,5.0
6.0,0.36,0.39,3.2,0.027,20,125,0.991,3.38,0.39,11.3,7.0
6.3,0.32,0.17,17.75,0.06,51,190,0.99916,3.13,0.48,8.8,6.0
7.1,0.39,0.39,11.1,0.034,25,204,0.99616,3.05,0.52,10.0,6.0
6.6,0.19,0.28,11.8,0.042,54,137,0.99492,3.18,0.37,10.8,6.0
6.4,0.13,0.28,0.9,0.045,32,87,0.99175,3.47,0.52,11.2,6.0
7.6,0.345,0.26,1.9,0.043,15,134,0.9936,3.08,0.38,9.5,5.0
6.5,0.29,0.25,10.6,0.039,32,120,0.9962,3.31,0.34,10.1,6.0
7.2,0.31,0.41,8.6,0.053,15,89,0.9976,3.29,0.64,9.9,6.0
7.5,0.23,0.3,1.2,0.03,27,80,0.99192,3.05,0.68,10.5,5.0
7.4,0.21,0.3,7.9,0.039,14,118,0.9942,2.96,0.34,10.4,5.0
7.2,0.16,0.26,7.1,0.054,41,224,0.9966,3.38,0.55,10.1,5.0
5.0,0.2,0.4,1.9,0.015,20,98,0.9897,3.37,0.55,12.05,6.0
6.8,0.15,0.41,12.9,0.044,79.5,183,0.99742,3.24,0.78,10.2,6.0
6.0,0.38,0.26,3.5,0.035,38,111,0.98872,3.18,0.47,13.6,7.0
5.6,0.12,0.33,2.9,0.044,21,73,0.98896,3.17,0.32,12.9,8.0
7.1,0.26,0.31,2.2,0.044,29,128,0.9937,3.34,0.64,10.9,8.0
7.6,0.48,0.28,10.4,0.049,57,205,0.99748,3.24,0.45,9.3,5.0
6.7,0.18,0.28,10.2,0.039,29,115,0.99469,3.11,0.45,10.9,7.0
7.7,0.32,0.62,10.6,0.036,56,153,0.9978,3.13,0.44,8.9,6.0
6.7,0.41,0.34,9.2,0.049,29,150,0.9968,3.22,0.51,9.1,5.0
6.5,0.36,0.31,13.55,0.053,20,113,0.99544,3.2,0.56,11.0,6.0
6.6,0.44,0.32,3.0,0.095,13,75,0.98954,3.1,0.63,12.8,6.0
6.9,0.27,0.41,1.7,0.047,6,134,0.9929,3.15,0.69,11.4,6.0
7.5,0.15,0.38,1.8,0.054,19,101,0.9946,3.24,0.44,10.0,5.0
7.7,0.34,0.28,11.0,0.04,31,117,0.99815,3.27,0.29,9.2,6.0
6.5,0.16,0.34,1.4,0.029,29,133,0.99108,3.33,0.64,11.5,7.0
7.6,0.3,0.27,10.6,0.039,31,119,0.99815,3.27,0.3,9.3,6.0
6.0,0.32,0.46,1.5,0.05,56,189,0.99308,3.24,0.49,9.6,5.0
6.2,0.34,0.25,12.1,0.059,33,171,0.99769,3.14,0.56,8.7,6.0
7.3,0.34,0.3,1.3,0.057,25,173,0.9948,3.26,0.51,9.1,6.0
5.4,0.22,0.29,1.2,0.045,69,152,0.99178,3.76,0.63,11.0,7.0
6.5,0.24,0.28,1.1,0.034,26,83,0.98928,3.25,0.33,12.3,6.0
7.0,0.3,0.27,1.5,0.076,24,145,0.99344,3.1,0.52,10.1,5.0
6.7,0.29,0.45,14.3,0.054,30,181,0.99869,3.14,0.57,9.1,5.0
6.9,0.19,0.35,13.5,0.038,49,118,0.99546,3.0,0.63,10.7,6.0
7.4,0.16,0.27,15.5,0.05,25,135,0.9984,2.9,0.43,8.7,7.0
7.2,0.24,0.27,11.4,0.034,40,174,0.99773,3.2,0.44,9.0,5.0
10.3,0.17,0.47,1.4,0.037,5,33,0.9939,2.89,0.28,9.6,3.0
6.5,0.22,0.32,2.2,0.028,36,92,0.99076,3.27,0.59,11.9,7.0
8.2,0.42,0.29,4.1,0.03,31,100,0.9911,3.0,0.32,12.8,7.0
7.6,0.19,0.37,13.1,0.033,52,151,0.99726,3.18,0.79,10.4,6.0
6.4,0.34,0.23,6.3,0.039,37,143,0.9944,3.19,0.65,10.0,6.0
8.2,0.52,0.34,1.2,0.042,18,167,0.99366,3.24,0.39,10.6,5.0
6.8,0.29,0.49,1.4,0.142,52,148,0.9937,3.08,0.49,9.0,6.0
7.0,0.22,0.24,11.0,0.041,75,167,0.99508,2.98,0.56,10.5,6.0
6.9,0.3,0.3,10.55,0.037,4,28,0.99184,3.07,0.32,12.7,6.0
5.2,0.37,0.33,1.2,0.028,13,81,0.9902,3.37,0.38,11.7,6.0
6.0,0.32,0.3,1.9,0.033,41,142,0.98912,3.29,0.42,12.8,7.0
6.1,0.4,0.31,0.9,0.048,23,170,0.993,3.22,0.77,9.5,6.0
6.3,0.22,0.34,5.0,0.032,36,93,0.99012,3.27,0.36,13.5,7.0
7.0,0.28,0.26,1.7,0.042,34,130,0.9925,3.43,0.5,10.7,8.0
5.8,0.28,0.3,3.9,0.026,36,105,0.98963,3.26,0.58,12.75,6.0
7.3,0.14,0.49,1.1,0.038,28,99,0.9928,3.2,0.72,10.6,6.0
6.9,0.33,0.31,4.2,0.04,21,93,0.9896,3.18,0.48,13.4,7.0
8.7,0.23,0.32,13.4,0.044,35,169,0.99975,3.12,0.47,8.8,7.0
5.5,0.12,0.33,1.0,0.038,23,131,0.99164,3.25,0.45,9.8,5.0
6.8,0.3,0.35,2.8,0.038,10,164,0.9912,3.09,0.53,12.0,6.0
6.6,0.23,0.24,3.9,0.045,36,138,0.9922,3.15,0.64,11.3,7.0
5.2,0.155,0.33,1.6,0.028,13,59,0.98975,3.3,0.84,11.9,8.0
7.0,0.16,0.26,6.85,0.047,30,220,0.99622,3.38,0.58,10.1,6.0
6.9,0.33,0.31,7.7,0.04,29,135,0.99226,3.11,0.57,12.3,5.0
6.6,0.27,0.3,1.9,0.025,14,153,0.9928,3.29,0.62,10.5,6.0
8.1,0.2,0.49,11.8,0.048,46,212,0.9968,3.09,0.46,10.0,7.0
7.2,0.15,0.38,1.2,0.038,18,110,0.9917,3.19,0.43,11.1,6.0
7.5,0.28,0.41,1.3,0.044,11,126,0.99293,3.28,0.45,10.3,5.0
6.8,0.19,0.4,9.85,0.055,41,103,0.99532,2.98,0.56,10.5,6.0
6.3,0.41,0.22,7.3,0.035,23,117,0.99172,3.2,0.39,11.94,7.0
6.7,0.48,0.49,2.9,0.03,28,122,0.98926,3.13,0.4,13.0,6.0
6.8,0.28,0.36,7.0,0.043,60,207,0.99556,3.16,0.49,9.6,6.0
6.8,0.19,0.33,4.9,0.047,42,130,0.99283,3.12,0.56,11.0,6.0
7.3,0.15,0.4,2.0,0.05,24,92,0.9932,3.14,0.45,10.5,5.0
8.0,0.3,0.36,11.0,0.034,8,70,0.99354,3.05,0.41,12.2,6.0
8.0,0.66,0.72,17.55,0.042,62,233,0.9999,2.92,0.68,9.4,4.0
5.8,0.23,0.21,1.5,0.044,21,110,0.99138,3.3,0.57,11.0,6.0
6.0,0.26,0.26,2.2,0.035,10,72,0.989465,3.11,0.48,12.15,6.0
6.8,0.18,0.38,1.4,0.038,35,111,0.9918,3.32,0.59,11.2,7.0
7.6,0.39,0.22,2.8,0.036,19,113,0.9926,3.03,0.29,10.2,5.0
6.3,0.28,0.29,6.8,0.051,40,143,0.99374,3.43,0.59,11.0,6.0
5.2,0.38,0.26,7.7,0.053,20,103,0.9925,3.27,0.45,12.2,6.0
6.2,0.12,0.34,1.5,0.045,43,117,0.9939,3.42,0.51,9.0,6.0
6.9,0.17,0.3,2.0,0.047,13,117,0.99152,3.16,0.51,11.6,6.0
6.6,0.32,0.34,7.7,0.044,63,212,0.99526,3.22,0.48,9.7,6.0
5.6,0.26,0.0,10.2,0.038,13,111,0.99315,3.44,0.46,12.4,6.0
6.7,0.24,0.33,12.3,0.046,31,145,0.9983,3.36,0.4,9.5,5.0
6.0,0.29,0.25,1.4,0.033,30,114,0.98794,3.08,0.43,13.2,6.0
6.1,0.38,0.42,5.0,0.016,31,113,0.99007,3.15,0.31,12.4,7.0
6.5,0.18,0.34,1.6,0.04,43,148,0.9912,3.32,0.59,11.5,8.0
7.1,0.18,0.32,12.2,0.048,36,125,0.9967,2.92,0.54,9.4,6.0
6.8,0.23,0.29,15.4,0.073,56,173,0.9984,3.06,0.41,8.7,6.0
6.6,0.41,0.27,10.7,0.11,20,103,0.99672,3.08,0.41,9.0,6.0
6.2,0.35,0.04,1.2,0.06,23,108,0.9934,3.26,0.54,9.2,5.0
8.4,0.23,0.49,7.8,0.035,22,95,0.9935,3.04,0.34,12.0,6.0
6.8,0.32,0.33,0.7,0.027,15,66,0.9899,3.11,0.31,11.8,6.0
6.6,0.36,0.28,6.1,0.029,12,93,0.99054,3.19,0.27,12.8,7.0
7.4,0.19,0.3,12.8,0.053,48.5,212,0.9986,3.14,0.49,9.1,7.0
6.2,0.37,0.24,6.1,0.032,19,86,0.98934,3.04,0.26,13.4,8.0
6.2,0.39,0.24,4.8,0.037,45,138,0.99174,3.23,0.43,11.2,7.0
5.0,0.31,0.0,6.4,0.046,43,166,0.994,3.3,0.63,9.9,6.0
6.8,0.3,0.26,20.3,0.037,45,150,0.99727,3.04,0.38,12.3,6.0
7.4,0.22,0.26,8.8,0.027,23,112,0.9931,2.98,0.41,11.4,6.0
5.7,0.27,0.16,9.0,0.053,32,111,0.99474,3.36,0.37,10.4,6.0
9.0,0.55,0.3,8.1,0.026,14,71,0.993,2.94,0.36,11.8,5.0
6.6,0.27,0.33,1.4,0.042,24,183,0.99215,3.29,0.46,10.7,5.0
6.7,0.31,0.33,2.0,0.033,12,74,0.99064,3.29,0.65,12.5,6.0
7.7,0.32,0.62,10.6,0.036,56,153,0.9978,3.13,0.44,8.9,6.0
8.0,0.22,0.28,14.0,0.053,83,197,0.9981,3.14,0.45,9.8,6.0
5.8,0.6,0.0,1.3,0.044,72,197,0.99202,3.56,0.43,10.9,5.0
6.6,0.24,0.28,1.8,0.028,39,132,0.99182,3.34,0.46,11.4,5.0
5.7,0.24,0.47,6.3,0.069,35,182,0.99391,3.11,0.46,9.75,5.0
6.7,0.24,0.3,3.85,0.042,105,179,0.99189,3.04,0.59,11.3,8.0
6.7,0.16,0.49,2.4,0.046,57,187,0.9952,3.62,0.81,10.4,6.0
8.3,0.23,0.3,2.1,0.049,21,153,0.9953,3.09,0.5,9.6,6.0
6.8,0.28,0.43,7.6,0.03,30,110,0.99164,3.08,0.59,12.5,8.0
6.8,0.26,0.4,7.5,0.046,45,179,0.99583,3.2,0.49,9.3,5.0
6.5,0.28,0.34,3.6,0.04,29,121,0.99111,3.28,0.48,12.1,7.0
6.2,0.25,0.44,15.8,0.057,39,167,0.99804,3.14,0.51,9.2,5.0
6.8,0.19,0.32,7.6,0.049,37,107,0.99332,3.12,0.44,10.7,7.0
6.7,0.45,0.3,5.3,0.036,27,165,0.99122,3.12,0.46,12.2,6.0
6.9,0.615,0.42,12.0,0.067,24,131,0.99727,3.19,0.34,9.3,5.0
6.3,0.17,0.23,5.7,0.048,44,147,0.99382,3.08,0.54,10.0,5.0
6.7,0.27,0.12,1.3,0.041,62,138,0.9921,3.21,0.42,10.0,6.0
6.6,0.3,0.24,1.2,0.034,17,121,0.9933,3.13,0.36,9.2,5.0
6.7,0.14,0.51,4.3,0.028,57,124,0.99176,2.91,0.54,10.7,7.0
5.6,0.19,0.27,0.9,0.04,52,103,0.99026,3.5,0.39,11.2,5.0
6.8,0.26,0.33,1.5,0.047,44,167,0.9928,3.12,0.44,10.5,6.0
6.4,0.22,0.38,9.1,0.044,35,127,0.99326,2.97,0.3,11.0,7.0
7.7,0.28,0.24,2.4,0.044,29,157,0.99312,3.27,0.56,10.6,6.0
6.6,0.17,0.3,1.1,0.031,13,73,0.99095,3.17,0.58,11.0,6.0
6.9,0.3,0.29,1.3,0.053,24,189,0.99362,3.29,0.54,9.9,4.0
7.1,0.2,0.3,0.9,0.019,4,28,0.98931,3.2,0.36,12.0,6.0
8.2,0.37,0.27,1.7,0.028,10,59,0.9923,2.97,0.48,10.4,5.0
6.1,0.6,0.12,1.8,0.05,11,76,0.99268,3.42,0.48,10.4,4.0
7.3,0.23,0.27,2.6,0.035,39,120,0.99138,3.04,0.59,11.3,7.0
7.4,0.18,0.29,1.4,0.042,34,101,0.99384,3.54,0.6,10.5,7.0
7.0,0.18,0.49,5.3,0.04,34,125,0.9914,3.24,0.4,12.2,6.0
7.8,0.27,0.35,1.2,0.05,36,140,0.99138,3.09,0.45,11.2,5.0
6.9,0.32,0.26,2.3,0.03,11,103,0.99106,3.06,0.42,11.1,6.0
7.2,0.23,0.38,14.3,0.058,55,194,0.9979,3.09,0.44,9.0,6.0
7.9,0.35,0.36,1.6,0.038,11,124,0.9928,3.25,0.48,11.0,5.0
6.6,0.27,0.31,5.3,0.137,35,163,0.9951,3.2,0.38,9.3,5.0
8.0,0.4,0.33,7.7,0.034,27,98,0.9935,3.18,0.41,12.2,7.0
7.1,0.32,0.34,14.5,0.039,46,150,0.995,3.38,0.5,12.5,8.0
6.2,0.26,0.37,7.1,0.047,54,201,0.99523,3.19,0.48,9.5,6.0
6.2,0.15,0.46,1.6,0.039,38,123,0.993,3.38,0.51,9.7,6.0
5.8,0.555,0.26,4.5,0.053,17,126,0.9943,3.24,0.46,9.1,5.0
6.5,0.16,0.33,1.0,0.027,23,75,0.9908,3.3,0.39,11.4,7.0
7.2,0.25,0.32,1.5,0.054,24,105,0.99154,3.17,0.48,11.1,6.0
7.5,0.35,0.37,2.5,0.066,29,89,0.98964,3.14,0.42,12.7,6.0
7.2,0.27,0.74,12.5,0.037,47,156,0.9981,3.04,0.44,8.7,5.0
7.4,0.32,0.55,16.6,0.056,53,238,1.0017,2.96,0.58,8.7,6.0
7.0,0.31,0.52,1.7,0.029,5,61,0.9918,3.07,0.43,10.4,5.0
7.2,0.35,0.34,12.4,0.051,6,37,0.9944,3.13,0.39,11.5,6.0
7.2,0.25,0.19,8.0,0.044,51,172,0.9964,3.16,0.44,9.2,5.0
7.1,0.2,0.37,1.5,0.049,28,129,0.99226,3.15,0.52,10.8,5.0
7.4,0.27,0.26,11.8,0.053,55,173,0.99699,3.11,0.6,9.8,5.0
5.9,0.12,0.27,4.8,0.03,40,110,0.99226,3.55,0.68,12.1,6.0
6.4,0.32,0.27,4.9,0.034,18,122,0.9916,3.36,0.71,12.5,6.0
7.5,0.16,0.38,12.7,0.043,70.5,163,0.99706,3.15,0.82,10.4,7.0
5.4,0.33,0.31,4.0,0.03,27,108,0.99031,3.3,0.43,12.2,7.0
7.5,0.34,0.28,4.0,0.028,46,100,0.98958,3.2,0.5,13.2,7.0
6.8,0.2,0.36,1.6,0.028,7,46,0.99175,3.21,0.6,10.9,6.0
7.6,0.28,0.49,20.15,0.06,30,145,1.00196,3.01,0.44,8.5,5.0
6.5,0.43,0.18,13.15,0.032,25,131,0.99565,3.23,0.51,10.7,5.0
7.3,0.28,0.42,14.4,0.04,49,173,0.9994,3.28,0.82,9.0,7.0
5.8,0.36,0.5,1.0,0.127,63,178,0.99212,3.1,0.45,9.7,5.0
7.3,0.26,0.49,5.0,0.028,32,107,0.9936,3.24,0.54,10.8,6.0
7.5,0.26,0.38,5.7,0.021,23,125,0.99338,3.13,0.62,11.1,6.0
7.0,0.44,0.24,12.1,0.056,68,210,0.99718,3.05,0.5,9.5,5.0
7.7,0.32,0.61,11.8,0.041,66,188,0.99794,3.0,0.54,9.3,5.0
6.1,0.43,0.35,9.1,0.059,83,249,0.9971,3.37,0.5,8.5,5.0
7.9,0.29,0.39,6.7,0.036,6,117,0.9938,3.12,0.42,10.7,5.0
6.8,0.52,0.32,13.2,0.044,54,221,0.9972,3.27,0.5,9.6,6.0
8.4,0.17,0.31,6.7,0.038,29,132,0.9945,3.1,0.32,10.6,7.0
6.9,0.43,0.28,9.4,0.056,29,183,0.99594,3.17,0.43,9.4,5.0
5.8,0.32,0.38,4.75,0.033,23,94,0.991,3.42,0.42,11.8,7.0
7.4,0.33,0.26,15.6,0.049,67,210,0.99907,3.06,0.68,9.5,5.0
6.7,0.16,0.34,1.6,0.026,27,109,0.9934,3.34,0.58,10.1,6.0
6.5,0.23,0.38,1.3,0.032,29,112,0.99298,3.29,0.54,9.7,5.0
6.7,0.24,0.29,6.8,0.038,54,127,0.9932,3.33,0.46,11.6,7.0
7.3,0.4,0.28,6.5,0.037,26,97,0.99148,3.16,0.58,12.6,7.0
7.4,0.32,0.55,16.6,0.056,53,238,1.0017,2.96,0.58,8.7,6.0
6.0,0.29,0.25,1.4,0.033,30,114,0.98794,3.08,0.43,13.2,6.0
7.1,0.16,0.36,10.7,0.044,20,90,0.9959,3.16,0.44,10.9,7.0
6.8,0.25,0.24,4.55,0.053,41,211,0.9955,3.37,0.67,9.5,6.0
6.9,0.115,0.35,5.4,0.048,36,108,0.9939,3.32,0.42,10.2,6.0
6.6,0.16,0.21,6.7,0.055,43,157,0.99384,3.15,0.52,10.8,6.0
6.8,0.33,0.31,7.4,0.045,34,143,0.99226,3.06,0.55,12.2,6.0
7.4,0.16,0.3,13.7,0.056,33,168,0.99825,2.9,0.44,8.7,7.0
6.5,0.28,0.27,5.2,0.04,44,179,0.9948,3.19,0.69,9.4,6.0
6.6,0.41,0.24,4.9,0.158,47,144,0.99471,3.17,0.49,9.4,5.0
5.6,0.23,0.25,8.0,0.043,31,101,0.99429,3.19,0.42,10.4,6.0
6.6,0.15,0.32,6.0,0.033,59,128,0.99192,3.19,0.71,12.1,8.0
7.2,0.32,0.33,1.4,0.029,29,109,0.9902,3.15,0.51,12.8,7.0
6.5,0.24,0.29,8.2,0.043,32,156,0.99453,3.13,0.7,10.1,6.0
6.2,0.41,0.22,1.9,0.023,5,56,0.98928,3.04,0.79,13.0,7.0
6.7,0.24,0.46,2.2,0.033,19,111,0.99045,3.1,0.62,11.9,6.0
8.2,0.345,1.0,18.2,0.047,55,205,0.99965,2.96,0.43,9.6,5.0
6.6,0.27,0.33,1.4,0.042,24,183,0.99215,3.29,0.46,10.7,5.0
5.6,0.2,0.36,2.5,0.048,16,125,0.99282,3.49,0.49,10.0,6.0
6.0,0.31,0.24,3.3,0.041,25,143,0.9914,3.31,0.44,11.3,6.0
7.3,0.25,0.29,7.5,0.049,38,158,0.9965,3.43,0.38,9.6,5.0
7.6,0.54,0.23,2.0,0.029,13,151,0.9931,3.04,0.33,10.4,5.0
6.3,0.2,0.19,12.3,0.048,54,145,0.99668,3.16,0.42,9.3,6.0
7.1,0.29,0.34,7.8,0.036,49,128,0.99397,3.21,0.4,10.7,6.0
5.8,0.22,0.29,1.3,0.036,25,68,0.98865,3.24,0.35,12.6,6.0
6.4,0.29,0.44,3.6,0.197,75,183,0.9942,3.01,0.38,9.1,5.0
7.0,0.35,0.17,1.1,0.049,7,119,0.99297,3.13,0.36,9.7,6.0
7.6,0.27,0.34,5.0,0.04,18,56,0.99084,3.06,0.48,12.4,6.0
7.5,0.26,0.31,1.6,0.032,36,109,0.99044,2.97,0.43,11.9,6.0
6.6,0.32,0.22,16.7,0.046,38,133,0.9979,3.22,0.67,10.4,6.0
6.4,0.46,0.22,14.7,0.047,51,183,0.998275,3.39,0.6,10.5,5.0
6.2,0.33,0.29,1.3,0.042,26,138,0.9956,3.77,0.64,9.5,5.0
5.9,0.24,0.12,1.4,0.035,60,247,0.99358,3.34,0.44,9.6,6.0
6.3,0.3,0.91,8.2,0.034,50,199,0.99394,3.39,0.49,11.7,6.0
7.2,0.3,0.3,8.7,0.022,14,111,0.99576,3.11,0.61,10.6,5.0
5.8,0.34,0.21,6.6,0.04,50,167,0.9941,3.29,0.62,10.0,5.0
6.9,0.22,0.32,5.8,0.041,20,119,0.99296,3.17,0.55,11.2,6.0
6.2,0.22,0.28,2.2,0.04,24,125,0.9917,3.19,0.48,10.5,6.0
6.0,0.27,0.15,1.5,0.056,35,128,0.9936,3.12,0.45,8.8,5.0
7.4,0.25,0.36,13.2,0.067,53,178,0.9976,3.01,0.48,9.0,6.0
8.7,0.23,0.32,13.4,0.044,35,169,0.99975,3.12,0.47,8.8,7.0
5.8,0.28,0.35,2.3,0.053,36,114,0.9924,3.28,0.5,10.2,4.0
8.2,0.21,0.32,10.65,0.053,53,145,0.9972,3.17,0.48,10.2,6.0
6.8,0.36,0.32,1.6,0.039,10,124,0.9948,3.3,0.67,9.6,5.0
6.0,0.34,0.24,5.4,0.06,23,126,0.9951,3.25,0.44,9.0,7.0
6.0,0.17,0.33,6.0,0.036,30,111,0.99362,3.32,0.58,10.15,7.0
6.2,0.25,0.47,11.6,0.048,62,210,0.9968,3.19,0.5,9.5,5.0
6.2,0.3,0.26,13.4,0.046,57,206,0.99775,3.17,0.43,9.5,6.0
7.9,0.41,0.37,4.5,0.03,40,114,0.992,3.17,0.54,12.4,7.0
7.3,0.21,0.21,1.6,0.046,35,133,0.99466,3.38,0.46,10.0,6.0
7.8,0.28,0.49,1.3,0.046,27,142,0.9936,3.09,0.59,10.2,5.0
4.2,0.17,0.36,1.8,0.029,93,161,0.98999,3.65,0.89,12.0,7.0
6.9,0.28,0.41,1.4,0.016,6,55,0.98876,3.16,0.4,13.4,5.0
7.6,0.18,0.36,2.4,0.049,38,123,0.996,3.6,0.46,10.3,5.0
7.4,0.2,0.28,9.1,0.047,29,95,0.99532,3.16,0.47,9.8,7.0
6.4,0.31,0.31,12.9,0.045,55,161,0.99546,3.02,0.59,10.2,5.0
7.2,0.21,0.33,3.0,0.036,35,132,0.9928,3.25,0.4,11.0,6.0
7.2,0.16,0.32,0.8,0.04,50,121,0.9922,3.27,0.33,10.0,6.0
6.8,0.22,0.31,6.9,0.037,33,121,0.99176,3.02,0.39,11.9,8.0
6.2,0.22,0.27,1.5,0.064,20,132,0.9938,3.22,0.46,9.2,6.0
7.6,0.4,0.27,1.2,0.053,23,193,0.99164,3.22,0.38,11.6,5.0
7.4,0.29,0.25,3.8,0.044,30,114,0.992,3.11,0.4,11.0,6.0
5.2,0.16,0.34,0.8,0.029,26,77,0.99155,3.25,0.51,10.1,6.0
8.6,0.16,0.38,3.4,0.04,41,143,0.9932,2.95,0.39,10.2,6.0
7.4,0.16,0.27,15.5,0.05,25,135,0.9984,2.9,0.43,8.7,7.0
6.7,0.24,0.39,2.9,0.173,63,157,0.9937,3.1,0.34,9.4,6.0
7.6,0.15,0.4,1.3,0.036,24,112,0.9932,3.14,0.76,10.0,5.0
6.4,0.21,0.28,5.9,0.047,29,101,0.99278,3.15,0.4,11.0,6.0
8.1,0.28,0.39,1.9,0.029,18,79,0.9923,3.23,0.52,11.8,6.0
8.7,0.34,0.46,13.8,0.055,68,198,0.9988,3.36,0.37,9.5,6.0
8.2,0.34,0.29,5.2,0.076,19,92,0.99138,2.95,0.39,12.5,6.0
6.9,0.33,0.21,1.0,0.053,39,148,0.9927,3.12,0.45,9.4,6.0
6.4,0.37,0.19,3.5,0.068,18,101,0.9934,3.03,0.38,9.0,6.0
6.5,0.18,0.26,1.4,0.041,40,141,0.9941,3.34,0.72,9.5,6.0
7.7,0.34,0.3,8.0,0.048,25,192,0.9951,2.97,0.47,10.9,5.0
7.6,0.13,0.34,9.3,0.062,40,126,0.9966,3.21,0.39,9.6,5.0
6.8,0.26,0.56,11.9,0.043,64,226,0.997,3.02,0.63,9.3,5.0
6.7,0.46,0.27,5.2,0.039,35,96,0.99129,3.16,0.44,12.4,7.0
6.9,0.54,0.26,12.7,0.049,59,195,0.99596,3.26,0.54,10.5,6.0
8.4,0.2,0.38,11.8,0.055,51,170,1.0004,3.34,0.82,8.9,6.0
6.4,0.36,0.2,5.7,0.118,61,172,0.9946,3.24,0.43,9.5,6.0
7.3,0.29,0.29,4.6,0.029,27,155,0.9931,3.07,0.26,10.6,6.0
7.1,0.33,0.18,6.3,0.094,27,166,0.99474,2.9,0.49,9.5,5.0
7.3,0.31,0.25,6.65,0.032,30,138,0.99244,2.9,0.37,11.1,5.0
8.0,0.45,0.36,8.8,0.026,50,151,0.9927,3.07,0.25,12.7,8.0
6.0,0.495,0.27,5.0,0.157,17,129,0.99396,3.03,0.36,9.3,5.0
7.0,0.24,0.35,1.5,0.052,51,128,0.9941,3.41,0.59,10.4,7.0
6.5,0.22,0.45,8.0,0.053,52,196,0.9959,3.23,0.48,9.1,6.0
6.0,0.28,0.25,1.8,0.042,8,108,0.9929,3.08,0.55,9.0,5.0
7.2,0.43,0.24,6.7,0.058,40,163,0.995,3.2,0.41,9.9,5.0
6.6,0.13,0.3,4.9,0.058,47,131,0.9946,3.51,0.45,10.3,6.0
7.8,0.31,0.4,1.6,0.027,20,87,0.9911,3.15,0.48,11.9,6.0
7.6,0.19,0.41,1.1,0.04,38,143,0.9907,2.92,0.42,11.4,5.0
6.6,0.15,0.32,6.0,0.033,59,128,0.99192,3.19,0.71,12.1,8.0
8.2,0.22,0.49,9.6,0.037,53,154,0.9951,3.02,0.33,10.6,6.0
6.1,0.14,0.25,1.3,0.047,37,173,0.9925,3.35,0.46,10.0,6.0
6.6,0.45,0.43,7.2,0.064,31,186,0.9954,3.12,0.44,9.4,5.0
5.8,0.26,0.18,1.2,0.031,40,114,0.9908,3.42,0.4,11.0,7.0
6.8,0.26,0.24,1.9,0.043,70,154,0.99273,3.18,0.52,10.5,5.0
7.0,0.2,0.34,2.1,0.049,12,136,0.9922,3.25,0.46,11.6,7.0
5.5,0.3,0.25,1.9,0.029,33,118,0.98972,3.36,0.66,12.5,6.0
5.8,0.3,0.09,6.3,0.042,36,138,0.99382,3.15,0.48,9.7,5.0
7.5,0.23,0.68,11.0,0.047,37,133,0.9978,2.99,0.38,8.8,5.0
7.9,0.37,0.31,2.85,0.037,5,24,0.9911,3.19,0.36,11.9,6.0
9.9,1.005,0.46,1.4,0.046,34,185,0.9966,3.02,0.49,10.2,4.0
7.9,0.345,0.51,15.3,0.047,54,171,0.9987,3.09,0.51,9.1,5.0
7.2,0.37,0.4,11.6,0.032,34,214,0.9963,3.1,0.51,9.8,6.0
6.3,0.41,0.3,3.2,0.03,49,164,0.9927,3.53,0.79,11.7,7.0
6.1,0.24,0.27,9.8,0.062,33,152,0.9966,3.31,0.47,9.5,6.0
5.9,0.2,0.28,1.0,0.043,45,100,0.99033,3.4,0.41,11.4,6.0
7.0,0.15,0.28,14.7,0.051,29,149,0.99792,2.96,0.39,9.0,7.0
7.2,0.29,0.2,7.7,0.046,51,174,0.99582,3.16,0.52,9.5,5.0
6.8,0.28,0.17,13.9,0.047,49,162,0.9983,3.21,0.51,9.0,6.0
7.2,0.31,0.5,13.3,0.056,68,195,0.9982,3.01,0.47,9.2,5.0
6.0,0.25,0.28,7.7,0.053,37,132,0.99489,3.06,0.5,9.4,6.0
6.1,0.3,0.47,1.4,0.049,50,187,0.9927,3.19,0.45,9.5,5.0
6.0,0.19,0.37,9.7,0.032,17,50,0.9932,3.08,0.66,12.0,6.0
6.7,0.2,0.37,1.65,0.025,42,103,0.99022,3.11,0.45,11.4,5.0
6.8,0.3,0.33,12.8,0.041,60,168,0.99659,3.1,0.56,9.8,5.0
6.9,0.39,0.4,4.6,0.022,5,19,0.9915,3.31,0.37,12.6,3.0
7.7,0.34,0.28,11.0,0.04,31,117,0.99815,3.27,0.29,9.2,6.0
6.6,0.545,0.04,2.5,0.031,48,111,0.9906,3.14,0.32,11.9,5.0
7.1,0.44,0.27,8.4,0.057,60,160,0.99257,3.16,0.36,11.8,6.0
6.3,0.23,0.21,5.1,0.035,29,142,0.9942,3.36,0.33,10.1,7.0
6.4,0.23,0.35,10.3,0.042,54,140,0.9967,3.23,0.47,9.2,5.0
7.0,0.23,0.42,5.1,0.042,37,144,0.99518,3.5,0.59,10.2,6.0
6.4,0.68,0.26,3.4,0.069,25,146,0.99347,3.18,0.4,9.3,5.0
7.8,0.21,0.39,1.8,0.034,62,180,0.991,3.09,0.75,12.6,8.0
7.4,0.29,0.29,1.6,0.045,53,180,0.9936,3.34,0.68,10.5,6.0
8.1,0.29,0.49,7.1,0.042,22,124,0.9944,3.14,0.41,10.8,6.0
5.8,0.24,0.39,1.5,0.054,37,158,0.9932,3.21,0.52,9.3,6.0
6.4,0.34,0.2,14.9,0.06,37,162,0.9983,3.13,0.45,9.0,4.0
5.9,0.32,0.19,14.5,0.042,37,115,0.99684,3.16,0.43,10.3,5.0
6.6,0.24,0.29,2.0,0.023,19,86,0.99,3.25,0.45,12.5,6.0
5.2,0.24,0.45,3.8,0.027,21,128,0.992,3.55,0.49,11.2,8.0
6.8,0.36,0.32,1.6,0.039,10,124,0.9948,3.3,0.67,9.6,5.0
6.4,0.29,0.18,15.0,0.04,21,116,0.99736,3.14,0.5,9.2,5.0
6.6,0.32,0.24,1.3,0.06,42.5,204,0.99512,3.59,0.51,9.2,5.0
6.6,0.37,0.07,1.4,0.048,58,144,0.9922,3.17,0.38,10.0,5.0
5.3,0.43,0.11,1.1,0.029,6,51,0.99076,3.51,0.48,11.2,4.0
6.7,0.33,0.42,6.4,0.058,27,151,0.9954,3.16,0.44,9.6,5.0
7.5,0.22,0.32,2.4,0.045,29,100,0.99135,3.08,0.6,11.3,7.0
6.2,0.27,0.32,6.3,0.048,47,159,0.99282,3.21,0.6,11.0,6.0
6.3,0.22,0.57,1.4,0.208,14,96,0.9932,3.16,0.43,10.0,6.0
6.5,0.21,0.37,2.5,0.048,70,138,0.9917,3.33,0.75,11.4,7.0
5.2,0.335,0.2,1.7,0.033,17,74,0.99002,3.34,0.48,12.3,6.0
7.8,0.16,0.41,1.7,0.026,29,140,0.991,3.02,0.78,12.5,6.0
4.8,0.26,0.23,10.6,0.034,23,111,0.99274,3.46,0.28,11.5,7.0
6.9,0.23,0.35,6.9,0.03,45,116,0.99244,2.8,0.54,11.0,6.0
7.6,0.3,0.37,1.6,0.087,27,177,0.99438,3.09,0.5,9.8,5.0
8.2,0.32,0.26,2.1,0.062,26,87,0.98974,3.1,0.47,12.8,6.0
7.6,0.29,0.29,4.4,0.051,26,146,0.9939,3.16,0.39,10.2,5.0
6.5,0.18,0.33,1.4,0.029,35,138,0.99114,3.36,0.6,11.5,7.0
6.5,0.37,0.3,2.2,0.033,39,107,0.98894,3.22,0.53,13.5,7.0
6.2,0.22,0.3,12.4,0.054,108,152,0.99728,3.1,0.47,9.5,6.0
7.4,0.16,0.32,1.4,0.065,23,140,0.99134,3.06,0.47,11.4,6.0
7.0,0.15,0.28,14.7,0.051,29,149,0.99792,2.96,0.39,9.0,7.0
6.9,0.36,0.28,13.55,0.048,51,189,0.99782,3.0,0.6,9.5,7.0
7.3,0.22,0.26,1.5,0.04,32,172,0.99194,3.27,0.48,11.2,6.0
7.4,0.33,0.26,2.6,0.04,29,115,0.9913,3.07,0.52,11.8,7.0
7.9,0.33,0.28,31.6,0.053,35,176,1.0103,3.15,0.38,8.8,6.0
7.5,0.28,0.41,1.3,0.044,11,126,0.99293,3.28,0.45,10.3,5.0
6.6,0.27,0.25,3.1,0.052,41,188,0.9915,3.24,0.4,11.3,5.0
7.1,0.18,0.42,1.4,0.045,47,157,0.9916,2.95,0.31,10.5,6.0
7.4,0.18,0.31,1.4,0.058,38,167,0.9931,3.16,0.53,10.0,7.0
7.1,0.31,0.38,1.2,0.036,10,124,0.9924,3.14,0.44,9.9,6.0
8.3,0.18,0.3,1.1,0.033,20,57,0.99109,3.02,0.51,11.0,6.0
6.6,0.33,0.24,16.05,0.045,31,147,0.99822,3.08,0.52,9.2,5.0
6.2,0.19,0.38,5.1,0.019,22,82,0.98961,3.05,0.36,12.5,6.0
7.2,0.36,0.36,5.7,0.038,26,98,0.9914,2.93,0.59,12.5,7.0
6.8,0.32,0.18,7.5,0.041,71,223,0.9959,3.14,0.41,8.9,5.0
6.0,0.14,0.37,1.2,0.032,63,148,0.99185,3.32,0.44,11.2,5.0
5.1,0.26,0.33,1.1,0.027,46,113,0.98946,3.35,0.43,11.4,7.0
6.4,0.32,0.23,16.2,0.055,36,176,0.9986,3.26,0.54,9.1,5.0
6.1,0.46,0.32,6.2,0.053,10,94,0.99537,3.35,0.47,10.1,5.0
6.4,0.37,0.2,5.6,0.117,61,183,0.99459,3.24,0.43,9.5,5.0
6.9,0.17,0.22,4.6,0.064,55,152,0.9952,3.29,0.37,9.3,6.0
6.2,0.3,0.33,3.5,0.037,37,155,0.98987,3.18,0.37,12.4,6.0
6.8,0.18,0.3,12.8,0.062,19,171,0.99808,3.0,0.52,9.0,7.0
6.1,0.36,0.58,15.0,0.044,42,115,0.9978,3.15,0.51,9.0,5.0
6.7,0.41,0.01,2.8,0.048,39,137,0.9942,3.24,0.35,9.5,5.0
8.0,0.28,0.32,7.6,0.045,61,204,0.99543,3.1,0.55,10.1,6.0
5.7,0.32,0.18,1.4,0.029,26,104,0.9906,3.44,0.37,11.0,6.0
6.5,0.28,0.26,8.8,0.04,44,139,0.9956,3.32,0.37,10.2,6.0
6.5,0.23,0.36,16.3,0.038,43,133,0.99924,3.26,0.41,8.8,5.0
6.1,0.33,0.32,7.8,0.052,52,183,0.99657,3.39,0.65,9.5,5.0
6.4,0.13,0.47,1.6,0.092,40,158,0.9928,3.21,0.36,9.8,6.0
7.1,0.2,0.41,2.1,0.054,24,166,0.9948,3.48,0.62,10.5,6.0
7.7,0.28,0.29,4.3,0.051,25,142,0.9939,3.16,0.39,10.2,5.0
6.4,0.25,0.32,0.9,0.034,40,114,0.99114,3.31,0.58,10.8,7.0
6.7,0.19,0.41,15.6,0.056,75,155,0.9995,3.2,0.44,8.8,6.0
6.4,0.24,0.27,1.5,0.04,35,105,0.98914,3.13,0.3,12.4,6.0
6.8,0.31,0.19,3.5,0.086,30,130,0.993,2.83,0.44,9.6,5.0
7.2,0.31,0.35,7.2,0.046,45,178,0.9955,3.14,0.53,9.7,5.0
6.0,0.27,0.32,3.6,0.035,36,133,0.99215,3.23,0.46,10.8,6.0
6.4,0.31,0.28,1.5,0.037,12,119,0.9919,3.32,0.51,10.4,7.0
6.1,0.37,0.36,4.7,0.035,36,116,0.991,3.31,0.62,12.6,6.0
8.2,0.21,0.48,1.4,0.041,11,99,0.9958,3.17,0.57,9.9,5.0
8.1,0.27,0.33,1.3,0.045,26,100,0.99066,2.98,0.44,12.4,6.0
10.0,0.23,0.27,14.1,0.033,45,166,0.9988,2.72,0.43,9.7,6.0
6.3,0.12,0.36,2.1,0.044,47,146,0.9914,3.27,0.74,11.4,7.0
7.3,0.51,0.29,11.3,0.034,61,224,0.99683,3.14,0.56,9.5,6.0
7.3,0.26,0.53,12.7,0.047,60.5,164.5,0.9984,3.06,0.45,9.1,6.0
7.8,0.3,0.37,1.3,0.051,16,96,0.9941,3.32,0.62,10.0,5.0
6.7,0.27,0.31,15.7,0.036,44,179,0.9979,3.26,0.56,9.6,5.0
7.2,0.17,0.34,6.4,0.042,16,111,0.99278,2.99,0.4,10.8,6.0
6.7,0.22,0.39,10.2,0.038,60,149,0.99725,3.17,0.54,10.0,7.0
8.3,0.22,0.38,14.8,0.054,32,126,1.0002,3.22,0.5,9.7,5.0
6.2,0.37,0.24,6.1,0.032,19,86,0.98934,3.04,0.26,13.4,8.0
6.7,0.27,0.33,3.6,0.034,9,45,0.99144,3.08,0.4,10.5,6.0
6.2,0.36,0.14,8.9,0.036,38,155,0.99622,3.27,0.5,9.4,5.0
5.1,0.35,0.26,6.8,0.034,36,120,0.99188,3.38,0.4,11.5,6.0
7.0,0.36,0.32,10.05,0.045,37,131,0.99352,3.09,0.33,11.7,8.0
6.8,0.18,0.3,12.8,0.062,19,171,0.99808,3.0,0.52,9.0,7.0
8.6,0.23,0.25,11.3,0.031,13,96,0.99645,3.11,0.4,10.8,5.0
7.8,0.25,0.41,3.7,0.042,37,149,0.9954,3.36,0.45,10.0,6.0
6.1,0.32,0.25,1.7,0.034,37,136,0.992,3.47,0.5,10.8,7.0
7.4,0.19,0.3,1.4,0.057,33,135,0.993,3.12,0.5,9.6,6.0
6.7,0.24,0.31,2.3,0.044,37,113,0.99013,3.29,0.46,12.9,6.0
6.7,0.24,0.37,11.3,0.043,64,173,0.99632,3.08,0.53,9.9,6.0
6.4,0.4,0.19,3.2,0.033,28,124,0.9904,3.22,0.54,12.7,7.0
6.4,0.18,0.32,9.6,0.052,24,90,0.9963,3.35,0.49,9.4,6.0
7.3,0.3,0.25,2.5,0.045,32,122,0.99329,3.18,0.54,10.3,5.0
8.0,0.22,0.42,14.6,0.044,45,163,1.0003,3.21,0.69,8.6,7.0
5.3,0.2,0.31,3.6,0.036,22,91,0.99278,3.41,0.5,9.8,6.0
7.2,0.28,0.38,2.0,0.052,23,156,0.9912,3.13,0.52,11.1,5.0
7.1,0.21,0.37,2.4,0.026,23,100,0.9903,3.15,0.38,11.4,7.0
6.5,0.18,0.31,1.7,0.044,30,127,0.9928,3.49,0.5,10.2,7.0
6.6,0.23,0.37,8.5,0.036,46,153,0.99576,3.2,0.48,9.4,6.0
6.6,0.32,0.47,15.6,0.063,27,173,0.99872,3.18,0.56,9.0,5.0
6.0,0.29,0.2,12.6,0.045,45,187,0.9972,3.33,0.42,9.5,5.0
6.7,0.24,0.26,12.6,0.053,44,182,0.99802,3.42,0.42,9.7,5.0
6.5,0.34,0.46,1.0,0.023,6,80,0.98865,3.15,0.54,12.9,6.0
7.5,0.14,0.34,1.3,0.055,50,153,0.9945,3.29,0.8,9.6,6.0
6.0,0.43,0.34,7.6,0.045,25,118,0.99222,3.03,0.37,11.0,6.0
7.8,0.2,0.28,10.2,0.054,78,186,0.997,3.14,0.46,10.0,6.0
7.2,0.47,0.16,5.9,0.048,14,125,0.99428,3.09,0.49,9.8,5.0
6.2,0.12,0.26,5.7,0.044,56,158,0.9951,3.52,0.37,10.5,6.0
7.2,0.19,0.39,1.2,0.036,32,85,0.9918,3.16,0.5,10.5,5.0
6.4,0.5,0.16,12.9,0.042,26,138,0.9974,3.28,0.33,9.0,5.0
6.7,0.16,0.32,12.5,0.035,18,156,0.99666,2.88,0.36,9.0,6.0
7.0,0.18,0.26,1.4,0.044,46,89,0.99256,3.39,0.48,10.7,7.0
7.3,0.17,0.23,6.3,0.051,35,240,0.9963,3.36,0.54,10.0,6.0
7.9,0.28,0.32,3.6,0.038,9,76,0.992,3.05,0.31,11.7,4.0
5.0,0.3,0.33,3.7,0.03,54,173,0.9887,3.36,0.3,13.0,7.0
7.1,0.23,0.35,16.5,0.04,60,171,0.999,3.16,0.59,9.1,6.0
6.1,0.28,0.27,8.0,0.048,41,162,0.99498,3.21,0.51,9.9,5.0
6.9,0.3,0.3,1.3,0.053,24,186,0.99361,3.29,0.54,9.9,4.0
5.9,0.18,0.28,1.0,0.037,24,88,0.99094,3.29,0.55,10.65,7.0
5.9,0.34,0.25,2.0,0.042,12,110,0.99034,3.02,0.54,11.4,6.0
6.4,0.23,0.37,7.9,0.05,60,150,0.99488,2.86,0.49,9.3,6.0
7.4,0.4,0.41,14.1,0.053,37,194,0.99886,3.2,0.63,9.4,6.0
6.4,0.33,0.24,1.6,0.054,25,117,0.9943,3.36,0.5,9.3,5.0
7.0,0.21,0.34,8.5,0.033,31,253,0.9953,3.22,0.56,10.5,6.0
6.0,0.24,0.41,1.3,0.036,42,118,0.99018,3.04,0.64,11.75,6.0
5.6,0.19,0.31,2.7,0.027,11,100,0.98964,3.46,0.4,13.2,7.0
7.2,0.24,0.24,1.7,0.045,18,161,0.99196,3.25,0.53,11.2,6.0
7.9,0.33,0.28,31.6,0.053,35,176,1.0103,3.15,0.38,8.8,6.0
6.7,0.18,0.37,1.3,0.027,42,125,0.98939,3.24,0.37,12.8,7.0
8.2,0.35,0.4,6.3,0.039,35,162,0.9936,3.15,0.34,11.9,7.0
6.0,0.35,0.46,0.9,0.033,9,65,0.98934,3.24,0.35,12.1,4.0
6.4,0.17,0.34,1.5,0.091,42,135,0.9938,3.25,0.49,9.6,7.0
7.3,0.23,0.34,9.3,0.052,19,86,0.99574,3.04,0.56,10.0,5.0
7.1,0.28,0.26,1.9,0.049,12,86,0.9934,3.15,0.38,9.4,5.0
7.4,0.14,0.3,1.3,0.033,25,91,0.99268,3.53,0.39,10.6,6.0
9.2,0.27,0.34,10.5,0.043,49,228,0.9974,3.04,0.41,10.4,6.0
6.8,0.53,0.35,3.8,0.034,26,109,0.9906,3.26,0.57,12.7,8.0
6.6,0.17,0.28,1.8,0.042,62,178,0.99204,3.15,0.42,10.2,5.0
6.5,0.39,0.23,5.4,0.051,25,149,0.9934,3.24,0.35,10.0,5.0
7.0,0.28,0.33,14.6,0.043,47,168,0.9994,3.34,0.67,8.8,6.0
6.3,0.31,0.3,10.0,0.046,49,212,0.9962,3.74,0.55,11.9,6.0
4.4,0.46,0.1,2.8,0.024,31,111,0.98816,3.48,0.34,13.1,6.0
6.9,0.37,0.28,13.8,0.031,34,137,0.9948,3.1,0.37,11.6,6.0
6.1,0.36,0.33,1.1,0.05,24,169,0.9927,3.15,0.78,9.5,6.0
6.2,0.16,0.34,1.7,0.038,85,153,0.9909,3.33,0.86,12.0,7.0
6.5,0.5,0.22,4.1,0.036,35,131,0.9902,3.26,0.55,13.0,7.0
6.5,0.33,0.28,6.1,0.018,41,103,0.99122,3.24,0.32,12.2,6.0
7.4,0.36,0.33,1.4,0.025,27,55,0.9915,3.21,0.33,11.2,6.0
5.8,0.2,0.27,1.4,0.031,12,77,0.9905,3.25,0.36,10.9,7.0
6.4,0.24,0.31,2.8,0.038,41,114,0.99155,3.37,0.66,11.7,7.0
6.7,0.11,0.34,8.8,0.043,41,113,0.9962,3.42,0.4,9.3,7.0
6.8,0.19,0.71,17.5,0.042,21,114,0.99784,2.85,0.5,9.5,6.0
7.2,0.6,0.2,9.9,0.07,21,174,0.9971,3.03,0.54,9.1,5.0
7.0,0.35,0.24,1.9,0.04,21,144,0.9923,3.35,0.38,11.0,5.0
6.5,0.23,0.25,17.3,0.046,15,110,0.99828,3.15,0.42,9.2,6.0
8.0,0.22,0.31,5.6,0.049,24,97,0.993,3.1,0.42,10.9,5.0
6.6,0.23,0.26,1.3,0.045,16,128,0.9934,3.36,0.6,10.0,6.0
6.6,0.2,0.27,10.9,0.038,29,130,0.99496,3.11,0.44,10.5,7.0
7.3,0.22,0.49,9.4,0.034,29,134,0.9939,2.99,0.32,11.0,7.0
6.4,0.31,0.4,6.4,0.039,39,191,0.99513,3.14,0.52,9.8,5.0
6.3,0.18,0.24,3.4,0.053,20,119,0.99373,3.11,0.52,9.2,6.0
6.0,0.17,0.29,9.7,0.044,33,98,0.99536,3.12,0.36,9.2,6.0
6.8,0.32,0.37,3.4,0.023,19,87,0.9902,3.14,0.53,12.7,6.0
8.4,0.4,0.7,13.1,0.042,29,197,0.998,3.06,0.64,9.7,5.0
6.8,0.21,0.49,14.5,0.06,50,170,0.9991,3.55,0.44,9.8,6.0
8.0,0.26,0.28,4.8,0.05,34,150,0.99437,3.13,0.5,10.0,6.0
8.3,0.2,0.74,4.45,0.044,33,130,0.9924,3.25,0.42,12.2,6.0
5.8,0.31,0.31,7.5,0.052,55,230,0.9949,3.19,0.46,9.8,5.0
6.2,0.23,0.23,1.2,0.018,18,128,0.99178,3.05,0.28,10.6,5.0
7.1,0.34,0.32,2.0,0.051,29,130,0.99354,3.3,0.5,10.4,6.0
6.9,0.29,0.3,8.2,0.026,35,112,0.99144,3.0,0.37,12.3,6.0
6.9,0.28,0.22,10.0,0.052,36,131,0.99696,3.08,0.46,9.6,5.0
7.1,0.21,0.28,2.7,0.034,23,111,0.99405,3.35,0.64,10.2,4.0
8.2,0.23,0.4,7.5,0.049,12,76,0.9966,3.06,0.84,9.7,6.0
6.3,0.4,0.24,5.1,0.036,43,131,0.99186,3.24,0.44,11.3,6.0
6.0,0.31,0.38,4.8,0.04,41,101,0.98968,3.24,0.56,13.1,6.0
5.7,0.33,0.15,1.9,0.05,20,93,0.9934,3.38,0.62,9.9,5.0
7.7,0.29,0.48,2.3,0.049,36,178,0.9931,3.17,0.64,10.6,6.0
7.2,0.19,0.27,11.2,0.061,46,149,0.99772,2.99,0.59,9.3,6.0
6.9,0.615,0.42,12.0,0.067,24,131,0.99727,3.19,0.34,9.3,5.0
6.7,0.25,0.34,12.85,0.048,30,161,0.9986,3.44,0.47,9.5,6.0
5.7,0.16,0.32,1.2,0.036,7,89,0.99111,3.26,0.48,11.0,5.0
7.4,0.2,0.31,1.6,0.038,34,116,0.9912,3.25,0.39,12.0,7.0
6.3,0.32,0.26,12.3,0.044,24,205,0.99611,3.11,0.58,9.9,5.0
7.9,0.16,0.3,4.8,0.037,37,171,0.9967,3.47,0.44,9.0,4.0
7.0,0.11,0.32,4.6,0.057,59,144,0.9956,3.55,0.44,9.4,7.0
8.3,0.36,0.57,15.0,0.052,35,256,1.0001,2.93,0.64,8.6,5.0
5.9,0.26,0.3,1.0,0.036,38,114,0.9928,3.58,0.48,9.4,5.0
4.7,0.455,0.18,1.9,0.036,33,106,0.98746,3.21,0.83,14.0,7.0
8.0,0.2,0.3,8.1,0.037,42,130,0.99379,3.1,0.67,11.8,6.0
7.1,0.21,0.27,8.6,0.056,26,111,0.9956,2.95,0.52,9.5,5.0
6.9,0.28,0.24,2.1,0.034,49,121,0.98882,2.98,0.43,13.2,7.0
6.0,0.16,0.36,1.6,0.042,13,61,0.99143,3.22,0.54,10.8,6.0
6.8,0.23,0.42,7.4,0.044,56,189,0.9958,3.22,0.48,9.3,6.0
7.2,0.32,0.24,5.6,0.033,23,120,0.99334,2.92,0.66,10.3,7.0
6.5,0.35,0.36,0.8,0.034,32,111,0.98942,3.11,0.5,12.1,8.0
8.2,0.25,0.46,3.75,0.05,14,102,0.99524,3.28,0.58,9.7,5.0
8.6,0.18,0.36,1.8,0.04,24,187,0.9956,3.25,0.55,9.5,6.0
6.4,0.45,0.07,1.1,0.03,10,131,0.9905,2.97,0.28,10.8,5.0
5.8,0.28,0.18,1.2,0.058,7,108,0.99288,3.23,0.58,9.55,4.0
7.4,0.28,0.36,14.6,0.048,35,161,0.9968,3.14,0.56,10.6,5.0
6.2,0.3,0.49,11.2,0.058,68,215,0.99656,3.19,0.6,9.4,6.0
5.7,0.2,0.24,13.8,0.047,44,112,0.99837,2.97,0.66,8.8,6.0
5.9,0.18,0.29,4.6,0.032,68,137,0.99159,3.21,0.38,11.3,6.0
7.6,0.25,0.34,1.3,0.056,34,176,0.99434,3.1,0.51,9.5,5.0
6.8,0.25,0.3,11.8,0.043,53,133,0.99524,3.03,0.58,10.4,6.0
5.8,0.335,0.14,5.8,0.046,49,197,0.9937,3.3,0.71,10.3,5.0
6.1,0.15,0.29,6.2,0.046,39,151,0.99471,3.6,0.44,10.6,6.0
7.1,0.32,0.32,11.0,0.038,16,66,0.9937,3.24,0.4,11.5,3.0
7.2,0.24,0.3,1.2,0.037,11,95,0.98914,2.96,0.36,12.5,6.0
7.2,0.23,0.19,13.7,0.052,47,197,0.99865,3.12,0.53,9.0,5.0
5.1,0.29,0.28,8.3,0.026,27,107,0.99308,3.36,0.37,11.0,6.0
6.0,0.16,0.3,6.7,0.043,43,153,0.9951,3.63,0.46,10.6,5.0
6.4,0.24,0.22,1.5,0.038,38,157,0.9934,3.41,0.55,9.9,6.0
7.8,0.18,0.46,12.6,0.042,41,143,1.0,3.24,0.76,8.5,8.0
8.0,0.55,0.17,8.2,0.04,13,60,0.9956,3.09,0.3,9.5,4.0
7.8,0.3,0.4,1.8,0.028,23,122,0.9914,3.14,0.39,10.9,7.0
6.9,0.24,0.39,1.3,0.063,18,136,0.9928,3.31,0.48,10.4,7.0
7.0,0.29,0.35,1.4,0.036,42,109,0.99119,3.31,0.62,11.6,6.0
7.0,0.3,0.49,4.7,0.036,17,105,0.9916,3.26,0.68,12.4,7.0
7.3,0.24,0.39,17.95,0.057,45,149,0.9999,3.21,0.36,8.6,5.0
6.6,0.2,0.32,1.1,0.039,25,78,0.9926,3.39,0.54,10.2,7.0
7.0,0.28,0.36,1.0,0.035,8,70,0.9899,3.09,0.46,12.1,6.0
6.3,0.26,0.42,7.1,0.045,62,209,0.99544,3.2,0.53,9.5,6.0
6.8,0.21,0.4,6.3,0.032,40,121,0.99214,3.18,0.53,12.0,7.0
6.8,0.29,0.22,3.4,0.035,40,122,0.99024,3.09,0.47,12.3,6.0
6.1,1.1,0.16,4.4,0.033,8,109,0.99058,3.35,0.47,12.4,4.0
6.6,0.26,0.21,2.9,0.026,48,126,0.99089,3.22,0.38,11.3,7.0
6.7,0.3,0.29,2.8,0.025,37,107,0.99159,3.31,0.63,11.3,7.0
6.5,0.31,0.14,7.5,0.044,34,133,0.9955,3.22,0.5,9.5,5.0
7.3,0.24,0.39,17.95,0.057,45,149,0.9999,3.21,0.36,8.6,5.0
6.6,0.28,0.36,1.7,0.038,22,101,0.9912,3.29,0.57,11.6,6.0
7.0,0.32,0.27,7.1,0.027,37,122,0.99165,3.15,0.6,12.6,7.0
7.6,0.26,0.58,7.9,0.041,62,180,0.9966,3.07,0.38,9.0,5.0
6.4,0.29,0.24,3.2,0.037,31,95,0.98942,2.9,0.66,12.6,7.0
6.8,0.21,0.37,7.0,0.038,27,107,0.99206,2.98,0.82,11.5,6.0
6.7,0.12,0.3,5.2,0.048,38,113,0.99352,3.33,0.44,10.1,7.0
7.1,0.17,0.4,14.55,0.047,47,156,0.99945,3.34,0.78,9.1,6.0
6.5,0.3,0.29,2.25,0.037,8,210,0.9937,3.19,0.62,9.9,5.0
8.1,0.2,0.3,1.3,0.036,7,49,0.99242,2.99,0.73,10.3,5.0
8.2,0.26,0.49,5.2,0.04,19,100,0.9941,3.12,0.34,10.1,6.0
7.1,0.34,0.15,1.2,0.053,61,183,0.9936,3.09,0.43,9.2,5.0
7.2,0.2,0.61,16.2,0.043,14,103,0.9987,3.06,0.36,9.2,6.0
7.3,0.2,0.29,19.9,0.039,69,237,1.00037,3.1,0.48,9.2,6.0
7.5,0.24,0.31,13.1,0.05,26,180,0.99884,3.05,0.53,9.1,6.0
6.6,0.27,0.25,1.2,0.033,36,111,0.98918,3.16,0.37,12.4,6.0
6.6,0.23,0.32,0.9,0.041,25,79,0.9926,3.39,0.54,10.2,7.0
6.3,0.21,0.31,1.2,0.043,30,117,0.99158,3.49,0.68,11.0,6.0
6.0,0.35,0.51,1.2,0.029,10,102,0.9903,3.46,0.42,11.9,6.0
5.9,0.21,0.31,1.8,0.033,45,142,0.98984,3.35,0.5,12.7,6.0
6.5,0.23,0.36,16.3,0.038,43,133,0.99924,3.26,0.41,8.8,5.0
6.2,0.34,0.28,7.5,0.034,40,197,0.99485,3.14,0.6,9.7,5.0
7.1,0.23,0.24,5.4,0.039,60,196,0.9948,3.19,0.78,10.0,4.0
6.6,0.17,0.28,1.1,0.034,55,108,0.98939,3.0,0.52,11.9,7.0
5.1,0.33,0.22,1.6,0.027,18,89,0.9893,3.51,0.38,12.5,7.0
7.0,0.12,0.32,7.2,0.058,22,89,0.9966,3.29,0.38,9.2,6.0
5.0,0.61,0.12,1.3,0.009,65,100,0.9874,3.26,0.37,13.5,5.0
7.1,0.28,0.35,3.5,0.028,35,91,0.99022,2.96,0.33,12.1,5.0
6.8,0.24,0.31,18.3,0.046,40,142,1.0,3.3,0.41,8.7,5.0
7.2,0.24,0.29,2.2,0.037,37,102,0.992,3.27,0.64,11.0,7.0
5.7,0.385,0.04,12.6,0.034,22,115,0.9964,3.28,0.63,9.9,6.0
6.5,0.19,0.1,1.3,0.046,23,107,0.9937,3.29,0.45,10.0,5.0
7.1,0.26,0.34,14.4,0.067,35,189,0.9986,3.07,0.53,9.1,7.0
6.9,0.24,0.23,7.1,0.041,20,97,0.99246,3.1,0.85,11.4,6.0
8.0,0.27,0.33,1.2,0.05,41,103,0.99002,3.0,0.45,12.4,6.0
6.4,0.18,0.74,11.9,0.046,54,168,0.9978,3.58,0.68,10.1,5.0
5.9,0.23,0.28,8.6,0.046,37,142,0.99432,3.23,0.53,10.6,6.0
7.4,0.35,0.2,13.9,0.054,63,229,0.99888,3.11,0.5,8.9,6.0
6.7,0.31,0.31,4.9,0.031,20,151,0.9926,3.36,0.82,12.0,7.0
6.5,0.4,0.31,3.5,0.046,22,147,0.99024,3.15,0.31,12.0,7.0
6.6,0.18,0.28,1.7,0.041,53,161,0.99207,3.13,0.45,10.2,6.0
7.4,0.25,0.36,13.2,0.067,53,178,0.9976,3.01,0.48,9.0,6.0
6.4,0.28,0.22,12.8,0.039,51,150,0.99535,3.23,0.43,10.7,6.0
5.6,0.255,0.57,10.7,0.056,66,171,0.99464,3.25,0.61,10.4,7.0
8.5,0.25,0.27,4.7,0.031,31,92,0.9922,3.01,0.33,12.0,6.0
7.0,0.27,0.36,20.7,0.045,45,170,1.001,3.0,0.45,8.8,6.0
6.9,0.32,0.13,7.8,0.042,11,117,0.996,3.23,0.37,9.2,5.0
8.3,0.17,0.31,1.5,0.049,48,153,0.9942,3.12,0.58,9.4,6.0
6.0,0.17,0.36,1.7,0.042,14,61,0.99144,3.22,0.54,10.8,6.0
6.7,0.48,0.32,1.4,0.021,22,121,0.9889,3.15,0.53,12.7,7.0
7.3,0.19,0.27,13.9,0.057,45,155,0.99807,2.94,0.41,8.8,8.0
